NAME,TIME,DISTANCE
VAT,2023,1171580.13762103
SMR,2023,980288.952698828
LIE,2023,559637.576129932
FSM,2023,13131612.2300428
MHL,2023,13465640.6997942
TUV,2023,15288546.0938844
PLW,2023,11986487.7359203
MCO,2023,822262.653255492
KIR,2023,14123959.6002227
COM,2023,7885949.31247121
AND,2023,949760.544652496
TTO,2023,7406590.09532282
RWA,2023,6339643.57162757
SWZ,2023,8943261.69373481
SSD,2023,5696146.38605587
QAT,2023,4899080.52570481
MNE,2023,1469203.71655355
CHE,2023,492639.082484463
XKX,2023,1568602.59476564
DMA,2023,7001722.49663321
DJI,2023,5595716.89289519
GMB,2023,4556590.35379038
MKD,2023,1634520.44565129
BRB,2023,7065707.49110141
BDI,2023,6463780.48718905
VCT,2023,7171890.31200742
LCA,2023,7083711.34016577
KNA,2023,6926894.79130755
MUS,2023,9424743.92682941
GRD,2023,7302057.53671528
BHR,2023,4757138.81084646
ATG,2023,6881597.59397154
URY,2023,11191906.8098848
TGO,2023,4963914.62926451
TUN,2023,1627264.1837345
ARE,2023,5158218.87107916
TKM,2023,4427307.01619166
ZMB,2023,7701673.19102321
ZWE,2023,8040798.32799701
TLS,2023,12907658.5786806
VUT,2023,16068688.2330773
HND,2023,8913351.88547528
GUY,2023,7513055.23487352
ISL,2023,2134020.25935711
HTI,2023,7500842.21914513
UGA,2023,6201034.88993771
SUR,2023,7398864.27716641
NER,2023,4143527.56276958
TJK,2023,5112867.04172797
PRY,2023,10386742.5377131
NIC,2023,9012855.84149194
SLE,2023,4967961.86979296
PAK,2023,5755330.58123904
NPL,2023,7059572.74069664
ZAF,2023,9114845.2387923
ZAF,2023,8797889.8750031
PNG,2023,14304696.6563222
SLB,2023,14902450.4130928
PAN,2023,8810654.83964328
MAR,2023,2075746.45888378
MDA,2023,1838029.15159367
MOZ,2023,8948038.95437669
SOM,2023,6631362.44572051
OMN,2023,5504893.97984964
LKA,2023,8397920.78878694
MNG,2023,6814871.80067105
NAM,2023,8226771.64152894
NGA,2023,4641579.21651696
GNB,2023,4686336.63414894
JOR,2023,3330485.75517887
KGZ,2023,5224007.34849487
LSO,2023,9165863.47394746
MDG,2023,8803579.29249413
ECU,2023,9522853.954921
CRI,2023,9048605.72623559
SLV,2023,9085482.97256219
JAM,2023,7859037.45880905
TCD,2023,4403194.32082641
GNQ,2023,5235732.32180448
ERI,2023,5006793.25414638
MWI,2023,7731102.32421225
GTM,2023,9097448.37215555
GAB,2023,5612135.11468035
FJI,2023,16338868.742302
MRT,2023,4054181.72141903
MLI,2023,4379998.1769232
LBN,2023,3146962.71004505
GEO,2023,3231990.6387812
KAZ,2023,4539600.4606253
LAO,2023,9042973.55042227
COG,2023,6193798.82874145
GIN,2023,4868779.99343206
CIV,2023,4960438.73317832
CAN,2023,5690557.45715581
SRB,2023,1376614.87893859
BRN,2023,11009540.4917779
BOL,2023,10277319.3424962
BLZ,2023,8753220.48246454
CAF,2023,5319679.76090142
CMR,2023,5249245.18823124
ALB,2023,1591669.05099106
ARM,2023,3306842.51614599
AZE,2023,3669739.31320715
KHM,2023,9752045.27698672
BOL,2023,10235782.4280281
BEN,2023,4933397.61281998
BLR,2023,1611055.69159271
BTN,2023,7375321.55570505
BWA,2023,8625944.75008527
AUS,2023,16714129.139192
BFA,2023,4298603.87899921
BIH,2023,1311963.81681785
MMR,2023,8451208.92041675
TON,2023,16708354.6168775
SOM,2023,5840433.06908975
SYC,2023,7834533.66098228
STP,2023,5601041.90677498
WSM,2023,15885391.182995
MDV,2023,8196133.6626235
ISR,2023,3299618.94558762
CPV,2023,4702151.17170244
BHS,2023,7318463.91576034
NZL,2023,18718433.1494219
VNM,2023,8994270.28242011
TUR,2023,2519559.5878406
YEM,2023,5304284.46168348
SYR,2023,3227431.479877
SDN,2023,4652241.7950681
NOR,2023,1088776.24327453
PRK,2023,8535960.75035763
TZA,2023,7211891.80678046
LBR,2023,5131537.13762644
MYS,2023,10256037.5638773
CUB,2023,7823081.29996835
KWT,2023,4328048.14844455
DOM,2023,7337187.3227442
GHA,2023,5037692.01800207
LBY,2023,2120354.04408503
CIV,2023,5104826.82280221
BRA,2023,8957315.01005131
BGD,2023,7731868.61490007
AGO,2023,6666629.08005391
DZA,2023,1566666.2330281
MMR,2023,8705822.05336082
VEN,2023,7794058.24514218
UKR,2023,1843195.41480565
UZB,2023,4966240.27317477
THA,2023,9262590.91987867
PER,2023,10441056.649642
SEN,2023,4459743.33441958
ZAF,2023,8842227.21118599
KOR,2023,8730563.59669894
PHL,2023,10522476.5695618
COD,2023,6202005.91445946
IND,2023,6426974.12217447
IRQ,2023,3776373.25455577
ETH,2023,5603418.43301099
IRN,2023,4092810.19370584
ARG,2023,11281912.1087782
AFG,2023,5422951.00160944
TWN,2023,9603595.15469765
USA,2023,6230189.82264779
GBR,2023,319908.04775968
SAU,2023,4634932.39807306
RUS,2023,2261862.40448956
MEX,2023,9258834.26751577
CHN,2023,7984825.96814558
KEN,2023,6543934.78251629
IDN,2023,11415821.6770929
COL,2023,8800233.2752244
EGY,2023,3211971.80610104
JPN,2023,9476221.68774838
CHL,2023,11865957.9505718
SGP,2023,10565956.610142
VAT,2022,1171580.13762103
SMR,2022,980288.952698828
LIE,2022,559637.576129932
FSM,2022,13131612.2300428
MHL,2022,13465640.6997942
TUV,2022,15288546.0938844
PLW,2022,11986487.7359203
MCO,2022,822262.653255492
KIR,2022,14123959.6002227
COM,2022,7885949.31247121
AND,2022,949760.544652496
TTO,2022,7406590.09532282
RWA,2022,6339643.57162757
SWZ,2022,8943261.69373481
SSD,2022,5696146.38605587
QAT,2022,4899080.52570481
MNE,2022,1469203.71655355
CHE,2022,492639.082484463
XKX,2022,1568602.59476564
DMA,2022,7001722.49663321
DJI,2022,5595716.89289519
GMB,2022,4556590.35379038
MKD,2022,1634520.44565129
BRB,2022,7065707.49110141
BDI,2022,6463780.48718905
VCT,2022,7171890.31200742
LCA,2022,7083711.34016577
KNA,2022,6926894.79130755
MUS,2022,9424743.92682941
GRD,2022,7302057.53671528
BHR,2022,4757138.81084646
ATG,2022,6881597.59397154
URY,2022,11191906.8098848
TGO,2022,4963914.62926451
TUN,2022,1627264.1837345
ARE,2022,5158218.87107916
TKM,2022,4427307.01619166
ZMB,2022,7701673.19102321
ZWE,2022,8040798.32799701
TLS,2022,12907658.5786806
VUT,2022,16068688.2330773
HND,2022,8913351.88547528
GUY,2022,7513055.23487352
ISL,2022,2134020.25935711
HTI,2022,7500842.21914513
UGA,2022,6201034.88993771
SUR,2022,7398864.27716641
NER,2022,4143527.56276958
TJK,2022,5112867.04172797
PRY,2022,10386742.5377131
NIC,2022,9012855.84149194
SLE,2022,4967961.86979296
PAK,2022,5755330.58123904
NPL,2022,7059572.74069664
ZAF,2022,9114845.2387923
ZAF,2022,8797889.8750031
PNG,2022,14304696.6563222
SLB,2022,14902450.4130928
PAN,2022,8810654.83964328
MAR,2022,2075746.45888378
MDA,2022,1838029.15159367
MOZ,2022,8948038.95437669
SOM,2022,6631362.44572051
OMN,2022,5504893.97984964
LKA,2022,8397920.78878694
MNG,2022,6814871.80067105
NAM,2022,8226771.64152894
NGA,2022,4641579.21651696
GNB,2022,4686336.63414894
JOR,2022,3330485.75517887
KGZ,2022,5224007.34849487
LSO,2022,9165863.47394746
MDG,2022,8803579.29249413
ECU,2022,9522853.954921
CRI,2022,9048605.72623559
SLV,2022,9085482.97256219
JAM,2022,7859037.45880905
TCD,2022,4403194.32082641
GNQ,2022,5235732.32180448
ERI,2022,5006793.25414638
MWI,2022,7731102.32421225
GTM,2022,9097448.37215555
GAB,2022,5612135.11468035
FJI,2022,16338868.742302
MRT,2022,4054181.72141903
MLI,2022,4379998.1769232
LBN,2022,3146962.71004505
GEO,2022,3231990.6387812
KAZ,2022,4539600.4606253
LAO,2022,9042973.55042227
COG,2022,6193798.82874145
GIN,2022,4868779.99343206
CIV,2022,4960438.73317832
CAN,2022,5690557.45715581
SRB,2022,1376614.87893859
BRN,2022,11009540.4917779
BOL,2022,10277319.3424962
BLZ,2022,8753220.48246454
CAF,2022,5319679.76090142
CMR,2022,5249245.18823124
ALB,2022,1591669.05099106
ARM,2022,3306842.51614599
AZE,2022,3669739.31320715
KHM,2022,9752045.27698672
BOL,2022,10235782.4280281
BEN,2022,4933397.61281998
BLR,2022,1611055.69159271
BTN,2022,7375321.55570505
BWA,2022,8625944.75008527
AUS,2022,16714129.139192
BFA,2022,4298603.87899921
BIH,2022,1311963.81681785
MMR,2022,8451208.92041675
TON,2022,16708354.6168775
SOM,2022,5840433.06908975
SYC,2022,7834533.66098228
STP,2022,5601041.90677498
WSM,2022,15885391.182995
MDV,2022,8196133.6626235
ISR,2022,3299618.94558762
CPV,2022,4702151.17170244
BHS,2022,7318463.91576034
NZL,2022,18718433.1494219
VNM,2022,8994270.28242011
TUR,2022,2519559.5878406
YEM,2022,5304284.46168348
SYR,2022,3227431.479877
SDN,2022,4652241.7950681
NOR,2022,1088776.24327453
PRK,2022,8535960.75035763
TZA,2022,7211891.80678046
LBR,2022,5131537.13762644
MYS,2022,10256037.5638773
CUB,2022,7823081.29996835
KWT,2022,4328048.14844455
DOM,2022,7337187.3227442
GHA,2022,5037692.01800207
LBY,2022,2120354.04408503
CIV,2022,5104826.82280221
BRA,2022,8957315.01005131
BGD,2022,7731868.61490007
AGO,2022,6666629.08005391
DZA,2022,1566666.2330281
MMR,2022,8705822.05336082
VEN,2022,7794058.24514218
UKR,2022,1843195.41480565
UZB,2022,4966240.27317477
THA,2022,9262590.91987867
PER,2022,10441056.649642
SEN,2022,4459743.33441958
ZAF,2022,8842227.21118599
KOR,2022,8730563.59669894
PHL,2022,10522476.5695618
COD,2022,6202005.91445946
IND,2022,6426974.12217447
IRQ,2022,3776373.25455577
ETH,2022,5603418.43301099
IRN,2022,4092810.19370584
ARG,2022,11281912.1087782
AFG,2022,5422951.00160944
TWN,2022,9603595.15469765
USA,2022,6230189.82264779
GBR,2022,319908.04775968
SAU,2022,4634932.39807306
RUS,2022,2261862.40448956
MEX,2022,9258834.26751577
CHN,2022,7984825.96814558
KEN,2022,6543934.78251629
IDN,2022,11415821.6770929
COL,2022,8800233.2752244
EGY,2022,3211971.80610104
JPN,2022,9476221.68774838
CHL,2022,11865957.9505718
SGP,2022,10565956.610142
VAT,2021,1171580.13762103
SMR,2021,980288.952698828
LIE,2021,559637.576129932
FSM,2021,13131612.2300428
MHL,2021,13465640.6997942
TUV,2021,15288546.0938844
PLW,2021,11986487.7359203
MCO,2021,822262.653255492
KIR,2021,14123959.6002227
COM,2021,7885949.31247121
AND,2021,949760.544652496
TTO,2021,7406590.09532282
RWA,2021,6339643.57162757
SWZ,2021,8943261.69373481
SSD,2021,5696146.38605587
QAT,2021,4899080.52570481
MNE,2021,1469203.71655355
CHE,2021,492639.082484463
XKX,2021,1568602.59476564
DMA,2021,7001722.49663321
DJI,2021,5595716.89289519
GMB,2021,4556590.35379038
MKD,2021,1634520.44565129
BRB,2021,7065707.49110141
BDI,2021,6463780.48718905
VCT,2021,7171890.31200742
LCA,2021,7083711.34016577
KNA,2021,6926894.79130755
MUS,2021,9424743.92682941
GRD,2021,7302057.53671528
BHR,2021,4757138.81084646
ATG,2021,6881597.59397154
URY,2021,11191906.8098848
TGO,2021,4963914.62926451
TUN,2021,1627264.1837345
ARE,2021,5158218.87107916
TKM,2021,4427307.01619166
ZMB,2021,7701673.19102321
ZWE,2021,8040798.32799701
TLS,2021,12907658.5786806
VUT,2021,16068688.2330773
HND,2021,8913351.88547528
GUY,2021,7513055.23487352
ISL,2021,2134020.25935711
HTI,2021,7500842.21914513
UGA,2021,6201034.88993771
SUR,2021,7398864.27716641
NER,2021,4143527.56276958
TJK,2021,5112867.04172797
PRY,2021,10386742.5377131
NIC,2021,9012855.84149194
SLE,2021,4967961.86979296
PAK,2021,5755330.58123904
NPL,2021,7059572.74069664
ZAF,2021,9114845.2387923
ZAF,2021,8797889.8750031
PNG,2021,14304696.6563222
SLB,2021,14902450.4130928
PAN,2021,8810654.83964328
MAR,2021,2075746.45888378
MDA,2021,1838029.15159367
MOZ,2021,8948038.95437669
SOM,2021,6631362.44572051
OMN,2021,5504893.97984964
LKA,2021,8397920.78878694
MNG,2021,6814871.80067105
NAM,2021,8226771.64152894
NGA,2021,4641579.21651696
GNB,2021,4686336.63414894
JOR,2021,3330485.75517887
KGZ,2021,5224007.34849487
LSO,2021,9165863.47394746
MDG,2021,8803579.29249413
ECU,2021,9522853.954921
CRI,2021,9048605.72623559
SLV,2021,9085482.97256219
JAM,2021,7859037.45880905
TCD,2021,4403194.32082641
GNQ,2021,5235732.32180448
ERI,2021,5006793.25414638
MWI,2021,7731102.32421225
GTM,2021,9097448.37215555
GAB,2021,5612135.11468035
FJI,2021,16338868.742302
MRT,2021,4054181.72141903
MLI,2021,4379998.1769232
LBN,2021,3146962.71004505
GEO,2021,3231990.6387812
KAZ,2021,4539600.4606253
LAO,2021,9042973.55042227
COG,2021,6193798.82874145
GIN,2021,4868779.99343206
CIV,2021,4960438.73317832
CAN,2021,5690557.45715581
SRB,2021,1376614.87893859
BRN,2021,11009540.4917779
BOL,2021,10277319.3424962
BLZ,2021,8753220.48246454
CAF,2021,5319679.76090142
CMR,2021,5249245.18823124
ALB,2021,1591669.05099106
ARM,2021,3306842.51614599
AZE,2021,3669739.31320715
KHM,2021,9752045.27698672
BOL,2021,10235782.4280281
BEN,2021,4933397.61281998
BLR,2021,1611055.69159271
BTN,2021,7375321.55570505
BWA,2021,8625944.75008527
AUS,2021,16714129.139192
BFA,2021,4298603.87899921
BIH,2021,1311963.81681785
MMR,2021,8451208.92041675
TON,2021,16708354.6168775
SOM,2021,5840433.06908975
SYC,2021,7834533.66098228
STP,2021,5601041.90677498
WSM,2021,15885391.182995
MDV,2021,8196133.6626235
ISR,2021,3299618.94558762
CPV,2021,4702151.17170244
BHS,2021,7318463.91576034
NZL,2021,18718433.1494219
VNM,2021,8994270.28242011
TUR,2021,2519559.5878406
YEM,2021,5304284.46168348
SYR,2021,3227431.479877
SDN,2021,4652241.7950681
NOR,2021,1088776.24327453
PRK,2021,8535960.75035763
TZA,2021,7211891.80678046
LBR,2021,5131537.13762644
MYS,2021,10256037.5638773
CUB,2021,7823081.29996835
KWT,2021,4328048.14844455
DOM,2021,7337187.3227442
GHA,2021,5037692.01800207
LBY,2021,2120354.04408503
CIV,2021,5104826.82280221
BRA,2021,8957315.01005131
BGD,2021,7731868.61490007
AGO,2021,6666629.08005391
DZA,2021,1566666.2330281
MMR,2021,8705822.05336082
VEN,2021,7794058.24514218
UKR,2021,1843195.41480565
UZB,2021,4966240.27317477
THA,2021,9262590.91987867
PER,2021,10441056.649642
SEN,2021,4459743.33441958
ZAF,2021,8842227.21118599
KOR,2021,8730563.59669894
PHL,2021,10522476.5695618
COD,2021,6202005.91445946
IND,2021,6426974.12217447
IRQ,2021,3776373.25455577
ETH,2021,5603418.43301099
IRN,2021,4092810.19370584
ARG,2021,11281912.1087782
AFG,2021,5422951.00160944
TWN,2021,9603595.15469765
USA,2021,6230189.82264779
GBR,2021,319908.04775968
SAU,2021,4634932.39807306
RUS,2021,2261862.40448956
MEX,2021,9258834.26751577
CHN,2021,7984825.96814558
KEN,2021,6543934.78251629
IDN,2021,11415821.6770929
COL,2021,8800233.2752244
EGY,2021,3211971.80610104
JPN,2021,9476221.68774838
CHL,2021,11865957.9505718
SGP,2021,10565956.610142
VAT,2020,1171580.13762103
SMR,2020,980288.952698828
LIE,2020,559637.576129932
FSM,2020,13131612.2300428
MHL,2020,13465640.6997942
TUV,2020,15288546.0938844
PLW,2020,11986487.7359203
MCO,2020,822262.653255492
KIR,2020,14123959.6002227
COM,2020,7885949.31247121
AND,2020,949760.544652496
TTO,2020,7406590.09532282
RWA,2020,6339643.57162757
SWZ,2020,8943261.69373481
SSD,2020,5696146.38605587
QAT,2020,4899080.52570481
MNE,2020,1469203.71655355
CHE,2020,492639.082484463
XKX,2020,1568602.59476564
DMA,2020,7001722.49663321
DJI,2020,5595716.89289519
GMB,2020,4556590.35379038
MKD,2020,1634520.44565129
BRB,2020,7065707.49110141
BDI,2020,6463780.48718905
VCT,2020,7171890.31200742
LCA,2020,7083711.34016577
KNA,2020,6926894.79130755
MUS,2020,9424743.92682941
GRD,2020,7302057.53671528
BHR,2020,4757138.81084646
ATG,2020,6881597.59397154
URY,2020,11191906.8098848
TGO,2020,4963914.62926451
TUN,2020,1627264.1837345
ARE,2020,5158218.87107916
TKM,2020,4427307.01619166
ZMB,2020,7701673.19102321
ZWE,2020,8040798.32799701
TLS,2020,12907658.5786806
VUT,2020,16068688.2330773
HND,2020,8913351.88547528
GUY,2020,7513055.23487352
ISL,2020,2134020.25935711
HTI,2020,7500842.21914513
UGA,2020,6201034.88993771
SUR,2020,7398864.27716641
NER,2020,4143527.56276958
TJK,2020,5112867.04172797
PRY,2020,10386742.5377131
NIC,2020,9012855.84149194
SLE,2020,4967961.86979296
PAK,2020,5755330.58123904
NPL,2020,7059572.74069664
ZAF,2020,9114845.2387923
ZAF,2020,8797889.8750031
PNG,2020,14304696.6563222
SLB,2020,14902450.4130928
PAN,2020,8810654.83964328
MAR,2020,2075746.45888378
MDA,2020,1838029.15159367
MOZ,2020,8948038.95437669
SOM,2020,6631362.44572051
OMN,2020,5504893.97984964
LKA,2020,8397920.78878694
MNG,2020,6814871.80067105
NAM,2020,8226771.64152894
NGA,2020,4641579.21651696
GNB,2020,4686336.63414894
JOR,2020,3330485.75517887
KGZ,2020,5224007.34849487
LSO,2020,9165863.47394746
MDG,2020,8803579.29249413
ECU,2020,9522853.954921
CRI,2020,9048605.72623559
SLV,2020,9085482.97256219
JAM,2020,7859037.45880905
TCD,2020,4403194.32082641
GNQ,2020,5235732.32180448
ERI,2020,5006793.25414638
MWI,2020,7731102.32421225
GTM,2020,9097448.37215555
GAB,2020,5612135.11468035
FJI,2020,16338868.742302
MRT,2020,4054181.72141903
MLI,2020,4379998.1769232
LBN,2020,3146962.71004505
GEO,2020,3231990.6387812
KAZ,2020,4539600.4606253
LAO,2020,9042973.55042227
COG,2020,6193798.82874145
GIN,2020,4868779.99343206
CIV,2020,4960438.73317832
CAN,2020,5690557.45715581
SRB,2020,1376614.87893859
BRN,2020,11009540.4917779
BOL,2020,10277319.3424962
BLZ,2020,8753220.48246454
CAF,2020,5319679.76090142
CMR,2020,5249245.18823124
ALB,2020,1591669.05099106
ARM,2020,3306842.51614599
AZE,2020,3669739.31320715
KHM,2020,9752045.27698672
BOL,2020,10235782.4280281
BEN,2020,4933397.61281998
BLR,2020,1611055.69159271
BTN,2020,7375321.55570505
BWA,2020,8625944.75008527
AUS,2020,16714129.139192
BFA,2020,4298603.87899921
BIH,2020,1311963.81681785
MMR,2020,8451208.92041675
TON,2020,16708354.6168775
SOM,2020,5840433.06908975
SYC,2020,7834533.66098228
STP,2020,5601041.90677498
WSM,2020,15885391.182995
MDV,2020,8196133.6626235
ISR,2020,3299618.94558762
CPV,2020,4702151.17170244
BHS,2020,7318463.91576034
NZL,2020,18718433.1494219
VNM,2020,8994270.28242011
TUR,2020,2519559.5878406
YEM,2020,5304284.46168348
SYR,2020,3227431.479877
SDN,2020,4652241.7950681
NOR,2020,1088776.24327453
PRK,2020,8535960.75035763
TZA,2020,7211891.80678046
LBR,2020,5131537.13762644
MYS,2020,10256037.5638773
CUB,2020,7823081.29996835
KWT,2020,4328048.14844455
DOM,2020,7337187.3227442
GHA,2020,5037692.01800207
LBY,2020,2120354.04408503
CIV,2020,5104826.82280221
BRA,2020,8957315.01005131
BGD,2020,7731868.61490007
AGO,2020,6666629.08005391
DZA,2020,1566666.2330281
MMR,2020,8705822.05336082
VEN,2020,7794058.24514218
UKR,2020,1843195.41480565
UZB,2020,4966240.27317477
THA,2020,9262590.91987867
PER,2020,10441056.649642
SEN,2020,4459743.33441958
ZAF,2020,8842227.21118599
KOR,2020,8730563.59669894
PHL,2020,10522476.5695618
COD,2020,6202005.91445946
IND,2020,6426974.12217447
IRQ,2020,3776373.25455577
ETH,2020,5603418.43301099
IRN,2020,4092810.19370584
ARG,2020,11281912.1087782
AFG,2020,5422951.00160944
TWN,2020,9603595.15469765
USA,2020,6230189.82264779
GBR,2020,319908.04775968
SAU,2020,4634932.39807306
RUS,2020,2261862.40448956
MEX,2020,9258834.26751577
CHN,2020,7984825.96814558
KEN,2020,6543934.78251629
IDN,2020,11415821.6770929
COL,2020,8800233.2752244
EGY,2020,3211971.80610104
JPN,2020,9476221.68774838
CHL,2020,11865957.9505718
SGP,2020,10565956.610142
VAT,2019,1171580.13762103
SMR,2019,980288.952698828
LIE,2019,559637.576129932
FSM,2019,13131612.2300428
MHL,2019,13465640.6997942
TUV,2019,15288546.0938844
PLW,2019,11986487.7359203
MCO,2019,822262.653255492
KIR,2019,14123959.6002227
COM,2019,7885949.31247121
AND,2019,949760.544652496
TTO,2019,7406590.09532282
RWA,2019,6339643.57162757
SWZ,2019,8943261.69373481
SSD,2019,5696146.38605587
QAT,2019,4899080.52570481
MNE,2019,1469203.71655355
CHE,2019,492639.082484463
XKX,2019,1568602.59476564
DMA,2019,7001722.49663321
DJI,2019,5595716.89289519
GMB,2019,4556590.35379038
MKD,2019,1634520.44565129
BRB,2019,7065707.49110141
BDI,2019,6463780.48718905
VCT,2019,7171890.31200742
LCA,2019,7083711.34016577
KNA,2019,6926894.79130755
MUS,2019,9424743.92682941
GRD,2019,7302057.53671528
BHR,2019,4757138.81084646
ATG,2019,6881597.59397154
URY,2019,11191906.8098848
TGO,2019,4963914.62926451
TUN,2019,1627264.1837345
ARE,2019,5158218.87107916
TKM,2019,4427307.01619166
ZMB,2019,7701673.19102321
ZWE,2019,8040798.32799701
TLS,2019,12907658.5786806
VUT,2019,16068688.2330773
HND,2019,8913351.88547528
GUY,2019,7513055.23487352
ISL,2019,2134020.25935711
HTI,2019,7500842.21914513
UGA,2019,6201034.88993771
SUR,2019,7398864.27716641
NER,2019,4143527.56276958
TJK,2019,5112867.04172797
PRY,2019,10386742.5377131
NIC,2019,9012855.84149194
SLE,2019,4967961.86979296
PAK,2019,5755330.58123904
NPL,2019,7059572.74069664
ZAF,2019,9114845.2387923
ZAF,2019,8797889.8750031
PNG,2019,14304696.6563222
SLB,2019,14902450.4130928
PAN,2019,8810654.83964328
MAR,2019,2075746.45888378
MDA,2019,1838029.15159367
MOZ,2019,8948038.95437669
SOM,2019,6631362.44572051
OMN,2019,5504893.97984964
LKA,2019,8397920.78878694
MNG,2019,6814871.80067105
NAM,2019,8226771.64152894
NGA,2019,4641579.21651696
GNB,2019,4686336.63414894
JOR,2019,3330485.75517887
KGZ,2019,5224007.34849487
LSO,2019,9165863.47394746
MDG,2019,8803579.29249413
ECU,2019,9522853.954921
CRI,2019,9048605.72623559
SLV,2019,9085482.97256219
JAM,2019,7859037.45880905
TCD,2019,4403194.32082641
GNQ,2019,5235732.32180448
ERI,2019,5006793.25414638
MWI,2019,7731102.32421225
GTM,2019,9097448.37215555
GAB,2019,5612135.11468035
FJI,2019,16338868.742302
MRT,2019,4054181.72141903
MLI,2019,4379998.1769232
LBN,2019,3146962.71004505
GEO,2019,3231990.6387812
KAZ,2019,4539600.4606253
LAO,2019,9042973.55042227
COG,2019,6193798.82874145
GIN,2019,4868779.99343206
CIV,2019,4960438.73317832
CAN,2019,5690557.45715581
SRB,2019,1376614.87893859
BRN,2019,11009540.4917779
BOL,2019,10277319.3424962
BLZ,2019,8753220.48246454
CAF,2019,5319679.76090142
CMR,2019,5249245.18823124
ALB,2019,1591669.05099106
ARM,2019,3306842.51614599
AZE,2019,3669739.31320715
KHM,2019,9752045.27698672
BOL,2019,10235782.4280281
BEN,2019,4933397.61281998
BLR,2019,1611055.69159271
BTN,2019,7375321.55570505
BWA,2019,8625944.75008527
AUS,2019,16714129.139192
BFA,2019,4298603.87899921
BIH,2019,1311963.81681785
MMR,2019,8451208.92041675
TON,2019,16708354.6168775
SOM,2019,5840433.06908975
SYC,2019,7834533.66098228
STP,2019,5601041.90677498
WSM,2019,15885391.182995
MDV,2019,8196133.6626235
ISR,2019,3299618.94558762
CPV,2019,4702151.17170244
BHS,2019,7318463.91576034
NZL,2019,18718433.1494219
VNM,2019,8994270.28242011
TUR,2019,2519559.5878406
YEM,2019,5304284.46168348
SYR,2019,3227431.479877
SDN,2019,4652241.7950681
NOR,2019,1088776.24327453
PRK,2019,8535960.75035763
TZA,2019,7211891.80678046
LBR,2019,5131537.13762644
MYS,2019,10256037.5638773
CUB,2019,7823081.29996835
KWT,2019,4328048.14844455
DOM,2019,7337187.3227442
GHA,2019,5037692.01800207
LBY,2019,2120354.04408503
CIV,2019,5104826.82280221
BRA,2019,8957315.01005131
BGD,2019,7731868.61490007
AGO,2019,6666629.08005391
DZA,2019,1566666.2330281
MMR,2019,8705822.05336082
VEN,2019,7794058.24514218
UKR,2019,1843195.41480565
UZB,2019,4966240.27317477
THA,2019,9262590.91987867
PER,2019,10441056.649642
SEN,2019,4459743.33441958
ZAF,2019,8842227.21118599
KOR,2019,8730563.59669894
PHL,2019,10522476.5695618
COD,2019,6202005.91445946
IND,2019,6426974.12217447
IRQ,2019,3776373.25455577
ETH,2019,5603418.43301099
IRN,2019,4092810.19370584
ARG,2019,11281912.1087782
AFG,2019,5422951.00160944
TWN,2019,9603595.15469765
USA,2019,6230189.82264779
GBR,2019,319908.04775968
SAU,2019,4634932.39807306
RUS,2019,2261862.40448956
MEX,2019,9258834.26751577
CHN,2019,7984825.96814558
KEN,2019,6543934.78251629
IDN,2019,11415821.6770929
COL,2019,8800233.2752244
EGY,2019,3211971.80610104
JPN,2019,9476221.68774838
CHL,2019,11865957.9505718
SGP,2019,10565956.610142
VAT,2018,1171580.13762103
SMR,2018,980288.952698828
LIE,2018,559637.576129932
FSM,2018,13131612.2300428
MHL,2018,13465640.6997942
TUV,2018,15288546.0938844
PLW,2018,11986487.7359203
MCO,2018,822262.653255492
KIR,2018,14123959.6002227
COM,2018,7885949.31247121
AND,2018,949760.544652496
TTO,2018,7406590.09532282
RWA,2018,6339643.57162757
SWZ,2018,8943261.69373481
SSD,2018,5696146.38605587
QAT,2018,4899080.52570481
MNE,2018,1469203.71655355
CHE,2018,492639.082484463
XKX,2018,1568602.59476564
DMA,2018,7001722.49663321
DJI,2018,5595716.89289519
GMB,2018,4556590.35379038
MKD,2018,1634520.44565129
BRB,2018,7065707.49110141
BDI,2018,6463780.48718905
VCT,2018,7171890.31200742
LCA,2018,7083711.34016577
KNA,2018,6926894.79130755
MUS,2018,9424743.92682941
GRD,2018,7302057.53671528
BHR,2018,4757138.81084646
ATG,2018,6881597.59397154
URY,2018,11191906.8098848
TGO,2018,4963914.62926451
TUN,2018,1627264.1837345
ARE,2018,5158218.87107916
TKM,2018,4427307.01619166
ZMB,2018,7701673.19102321
ZWE,2018,8040798.32799701
TLS,2018,12907658.5786806
VUT,2018,16068688.2330773
HND,2018,8913351.88547528
GUY,2018,7513055.23487352
ISL,2018,2134020.25935711
HTI,2018,7500842.21914513
UGA,2018,6201034.88993771
SUR,2018,7398864.27716641
NER,2018,4143527.56276958
TJK,2018,5112867.04172797
PRY,2018,10386742.5377131
NIC,2018,9012855.84149194
SLE,2018,4967961.86979296
PAK,2018,5755330.58123904
NPL,2018,7059572.74069664
ZAF,2018,9114845.2387923
ZAF,2018,8797889.8750031
PNG,2018,14304696.6563222
SLB,2018,14902450.4130928
PAN,2018,8810654.83964328
MAR,2018,2075746.45888378
MDA,2018,1838029.15159367
MOZ,2018,8948038.95437669
SOM,2018,6631362.44572051
OMN,2018,5504893.97984964
LKA,2018,8397920.78878694
MNG,2018,6814871.80067105
NAM,2018,8226771.64152894
NGA,2018,4641579.21651696
GNB,2018,4686336.63414894
JOR,2018,3330485.75517887
KGZ,2018,5224007.34849487
LSO,2018,9165863.47394746
MDG,2018,8803579.29249413
ECU,2018,9522853.954921
CRI,2018,9048605.72623559
SLV,2018,9085482.97256219
JAM,2018,7859037.45880905
TCD,2018,4403194.32082641
GNQ,2018,5235732.32180448
ERI,2018,5006793.25414638
MWI,2018,7731102.32421225
GTM,2018,9097448.37215555
GAB,2018,5612135.11468035
FJI,2018,16338868.742302
MRT,2018,4054181.72141903
MLI,2018,4379998.1769232
LBN,2018,3146962.71004505
GEO,2018,3231990.6387812
KAZ,2018,4539600.4606253
LAO,2018,9042973.55042227
COG,2018,6193798.82874145
GIN,2018,4868779.99343206
CIV,2018,4960438.73317832
CAN,2018,5690557.45715581
SRB,2018,1376614.87893859
BRN,2018,11009540.4917779
BOL,2018,10277319.3424962
BLZ,2018,8753220.48246454
CAF,2018,5319679.76090142
CMR,2018,5249245.18823124
ALB,2018,1591669.05099106
ARM,2018,3306842.51614599
AZE,2018,3669739.31320715
KHM,2018,9752045.27698672
BOL,2018,10235782.4280281
BEN,2018,4933397.61281998
BLR,2018,1611055.69159271
BTN,2018,7375321.55570505
BWA,2018,8625944.75008527
AUS,2018,16714129.139192
BFA,2018,4298603.87899921
BIH,2018,1311963.81681785
MMR,2018,8451208.92041675
TON,2018,16708354.6168775
SOM,2018,5840433.06908975
SYC,2018,7834533.66098228
STP,2018,5601041.90677498
WSM,2018,15885391.182995
MDV,2018,8196133.6626235
ISR,2018,3299618.94558762
CPV,2018,4702151.17170244
BHS,2018,7318463.91576034
NZL,2018,18718433.1494219
VNM,2018,8994270.28242011
TUR,2018,2519559.5878406
YEM,2018,5304284.46168348
SYR,2018,3227431.479877
SDN,2018,4652241.7950681
NOR,2018,1088776.24327453
PRK,2018,8535960.75035763
TZA,2018,7211891.80678046
LBR,2018,5131537.13762644
MYS,2018,10256037.5638773
CUB,2018,7823081.29996835
KWT,2018,4328048.14844455
DOM,2018,7337187.3227442
GHA,2018,5037692.01800207
LBY,2018,2120354.04408503
CIV,2018,5104826.82280221
BRA,2018,8957315.01005131
BGD,2018,7731868.61490007
AGO,2018,6666629.08005391
DZA,2018,1566666.2330281
MMR,2018,8705822.05336082
VEN,2018,7794058.24514218
UKR,2018,1843195.41480565
UZB,2018,4966240.27317477
THA,2018,9262590.91987867
PER,2018,10441056.649642
SEN,2018,4459743.33441958
ZAF,2018,8842227.21118599
KOR,2018,8730563.59669894
PHL,2018,10522476.5695618
COD,2018,6202005.91445946
IND,2018,6426974.12217447
IRQ,2018,3776373.25455577
ETH,2018,5603418.43301099
IRN,2018,4092810.19370584
ARG,2018,11281912.1087782
AFG,2018,5422951.00160944
TWN,2018,9603595.15469765
USA,2018,6230189.82264779
GBR,2018,319908.04775968
SAU,2018,4634932.39807306
RUS,2018,2261862.40448956
MEX,2018,9258834.26751577
CHN,2018,7984825.96814558
KEN,2018,6543934.78251629
IDN,2018,11415821.6770929
COL,2018,8800233.2752244
EGY,2018,3211971.80610104
JPN,2018,9476221.68774838
CHL,2018,11865957.9505718
SGP,2018,10565956.610142
VAT,2017,1171580.13762103
SMR,2017,980288.952698828
LIE,2017,559637.576129932
FSM,2017,13131612.2300428
MHL,2017,13465640.6997942
TUV,2017,15288546.0938844
PLW,2017,11986487.7359203
MCO,2017,822262.653255492
KIR,2017,14123959.6002227
COM,2017,7885949.31247121
AND,2017,949760.544652496
TTO,2017,7406590.09532282
RWA,2017,6339643.57162757
SWZ,2017,8943261.69373481
SSD,2017,5696146.38605587
QAT,2017,4899080.52570481
MNE,2017,1469203.71655355
CHE,2017,492639.082484463
XKX,2017,1568602.59476564
DMA,2017,7001722.49663321
DJI,2017,5595716.89289519
GMB,2017,4556590.35379038
MKD,2017,1634520.44565129
BRB,2017,7065707.49110141
BDI,2017,6463780.48718905
VCT,2017,7171890.31200742
LCA,2017,7083711.34016577
KNA,2017,6926894.79130755
MUS,2017,9424743.92682941
GRD,2017,7302057.53671528
BHR,2017,4757138.81084646
ATG,2017,6881597.59397154
URY,2017,11191906.8098848
TGO,2017,4963914.62926451
TUN,2017,1627264.1837345
ARE,2017,5158218.87107916
TKM,2017,4427307.01619166
ZMB,2017,7701673.19102321
ZWE,2017,8040798.32799701
TLS,2017,12907658.5786806
VUT,2017,16068688.2330773
HND,2017,8913351.88547528
GUY,2017,7513055.23487352
ISL,2017,2134020.25935711
HTI,2017,7500842.21914513
UGA,2017,6201034.88993771
SUR,2017,7398864.27716641
NER,2017,4143527.56276958
TJK,2017,5112867.04172797
PRY,2017,10386742.5377131
NIC,2017,9012855.84149194
SLE,2017,4967961.86979296
PAK,2017,5755330.58123904
NPL,2017,7059572.74069664
ZAF,2017,9114845.2387923
ZAF,2017,8797889.8750031
PNG,2017,14304696.6563222
SLB,2017,14902450.4130928
PAN,2017,8810654.83964328
MAR,2017,2075746.45888378
MDA,2017,1838029.15159367
MOZ,2017,8948038.95437669
SOM,2017,6631362.44572051
OMN,2017,5504893.97984964
LKA,2017,8397920.78878694
MNG,2017,6814871.80067105
NAM,2017,8226771.64152894
NGA,2017,4641579.21651696
GNB,2017,4686336.63414894
JOR,2017,3330485.75517887
KGZ,2017,5224007.34849487
LSO,2017,9165863.47394746
MDG,2017,8803579.29249413
ECU,2017,9522853.954921
CRI,2017,9048605.72623559
SLV,2017,9085482.97256219
JAM,2017,7859037.45880905
TCD,2017,4403194.32082641
GNQ,2017,5235732.32180448
ERI,2017,5006793.25414638
MWI,2017,7731102.32421225
GTM,2017,9097448.37215555
GAB,2017,5612135.11468035
FJI,2017,16338868.742302
MRT,2017,4054181.72141903
MLI,2017,4379998.1769232
LBN,2017,3146962.71004505
GEO,2017,3231990.6387812
KAZ,2017,4539600.4606253
LAO,2017,9042973.55042227
COG,2017,6193798.82874145
GIN,2017,4868779.99343206
CIV,2017,4960438.73317832
CAN,2017,5690557.45715581
SRB,2017,1376614.87893859
BRN,2017,11009540.4917779
BOL,2017,10277319.3424962
BLZ,2017,8753220.48246454
CAF,2017,5319679.76090142
CMR,2017,5249245.18823124
ALB,2017,1591669.05099106
ARM,2017,3306842.51614599
AZE,2017,3669739.31320715
KHM,2017,9752045.27698672
BOL,2017,10235782.4280281
BEN,2017,4933397.61281998
BLR,2017,1611055.69159271
BTN,2017,7375321.55570505
BWA,2017,8625944.75008527
AUS,2017,16714129.139192
BFA,2017,4298603.87899921
BIH,2017,1311963.81681785
MMR,2017,8451208.92041675
TON,2017,16708354.6168775
SOM,2017,5840433.06908975
SYC,2017,7834533.66098228
STP,2017,5601041.90677498
WSM,2017,15885391.182995
MDV,2017,8196133.6626235
ISR,2017,3299618.94558762
CPV,2017,4702151.17170244
BHS,2017,7318463.91576034
NZL,2017,18718433.1494219
VNM,2017,8994270.28242011
TUR,2017,2519559.5878406
YEM,2017,5304284.46168348
SYR,2017,3227431.479877
SDN,2017,4652241.7950681
NOR,2017,1088776.24327453
PRK,2017,8535960.75035763
TZA,2017,7211891.80678046
LBR,2017,5131537.13762644
MYS,2017,10256037.5638773
CUB,2017,7823081.29996835
KWT,2017,4328048.14844455
DOM,2017,7337187.3227442
GHA,2017,5037692.01800207
LBY,2017,2120354.04408503
CIV,2017,5104826.82280221
BRA,2017,8957315.01005131
BGD,2017,7731868.61490007
AGO,2017,6666629.08005391
DZA,2017,1566666.2330281
MMR,2017,8705822.05336082
VEN,2017,7794058.24514218
UKR,2017,1843195.41480565
UZB,2017,4966240.27317477
THA,2017,9262590.91987867
PER,2017,10441056.649642
SEN,2017,4459743.33441958
ZAF,2017,8842227.21118599
KOR,2017,8730563.59669894
PHL,2017,10522476.5695618
COD,2017,6202005.91445946
IND,2017,6426974.12217447
IRQ,2017,3776373.25455577
ETH,2017,5603418.43301099
IRN,2017,4092810.19370584
ARG,2017,11281912.1087782
AFG,2017,5422951.00160944
TWN,2017,9603595.15469765
USA,2017,6230189.82264779
GBR,2017,319908.04775968
SAU,2017,4634932.39807306
RUS,2017,2261862.40448956
MEX,2017,9258834.26751577
CHN,2017,7984825.96814558
KEN,2017,6543934.78251629
IDN,2017,11415821.6770929
COL,2017,8800233.2752244
EGY,2017,3211971.80610104
JPN,2017,9476221.68774838
CHL,2017,11865957.9505718
SGP,2017,10565956.610142
VAT,2016,1171580.13762103
SMR,2016,980288.952698828
LIE,2016,559637.576129932
FSM,2016,13131612.2300428
MHL,2016,13465640.6997942
TUV,2016,15288546.0938844
PLW,2016,11986487.7359203
MCO,2016,822262.653255492
KIR,2016,14123959.6002227
COM,2016,7885949.31247121
AND,2016,949760.544652496
TTO,2016,7406590.09532282
RWA,2016,6339643.57162757
SWZ,2016,8943261.69373481
SSD,2016,5696146.38605587
QAT,2016,4899080.52570481
MNE,2016,1469203.71655355
CHE,2016,492639.082484463
XKX,2016,1568602.59476564
DMA,2016,7001722.49663321
DJI,2016,5595716.89289519
GMB,2016,4556590.35379038
MKD,2016,1634520.44565129
BRB,2016,7065707.49110141
BDI,2016,6463780.48718905
VCT,2016,7171890.31200742
LCA,2016,7083711.34016577
KNA,2016,6926894.79130755
MUS,2016,9424743.92682941
GRD,2016,7302057.53671528
BHR,2016,4757138.81084646
ATG,2016,6881597.59397154
URY,2016,11191906.8098848
TGO,2016,4963914.62926451
TUN,2016,1627264.1837345
ARE,2016,5158218.87107916
TKM,2016,4427307.01619166
ZMB,2016,7701673.19102321
ZWE,2016,8040798.32799701
TLS,2016,12907658.5786806
VUT,2016,16068688.2330773
HND,2016,8913351.88547528
GUY,2016,7513055.23487352
ISL,2016,2134020.25935711
HTI,2016,7500842.21914513
UGA,2016,6201034.88993771
SUR,2016,7398864.27716641
NER,2016,4143527.56276958
TJK,2016,5112867.04172797
PRY,2016,10386742.5377131
NIC,2016,9012855.84149194
SLE,2016,4967961.86979296
PAK,2016,5755330.58123904
NPL,2016,7059572.74069664
ZAF,2016,9114845.2387923
ZAF,2016,8797889.8750031
PNG,2016,14304696.6563222
SLB,2016,14902450.4130928
PAN,2016,8810654.83964328
MAR,2016,2075746.45888378
MDA,2016,1838029.15159367
MOZ,2016,8948038.95437669
SOM,2016,6631362.44572051
OMN,2016,5504893.97984964
LKA,2016,8397920.78878694
MNG,2016,6814871.80067105
NAM,2016,8226771.64152894
NGA,2016,4641579.21651696
GNB,2016,4686336.63414894
JOR,2016,3330485.75517887
KGZ,2016,5224007.34849487
LSO,2016,9165863.47394746
MDG,2016,8803579.29249413
ECU,2016,9522853.954921
CRI,2016,9048605.72623559
SLV,2016,9085482.97256219
JAM,2016,7859037.45880905
TCD,2016,4403194.32082641
GNQ,2016,5235732.32180448
ERI,2016,5006793.25414638
MWI,2016,7731102.32421225
GTM,2016,9097448.37215555
GAB,2016,5612135.11468035
FJI,2016,16338868.742302
MRT,2016,4054181.72141903
MLI,2016,4379998.1769232
LBN,2016,3146962.71004505
GEO,2016,3231990.6387812
KAZ,2016,4539600.4606253
LAO,2016,9042973.55042227
COG,2016,6193798.82874145
GIN,2016,4868779.99343206
CIV,2016,4960438.73317832
CAN,2016,5690557.45715581
SRB,2016,1376614.87893859
BRN,2016,11009540.4917779
BOL,2016,10277319.3424962
BLZ,2016,8753220.48246454
CAF,2016,5319679.76090142
CMR,2016,5249245.18823124
ALB,2016,1591669.05099106
ARM,2016,3306842.51614599
AZE,2016,3669739.31320715
KHM,2016,9752045.27698672
BOL,2016,10235782.4280281
BEN,2016,4933397.61281998
BLR,2016,1611055.69159271
BTN,2016,7375321.55570505
BWA,2016,8625944.75008527
AUS,2016,16714129.139192
BFA,2016,4298603.87899921
BIH,2016,1311963.81681785
MMR,2016,8451208.92041675
TON,2016,16708354.6168775
SOM,2016,5840433.06908975
SYC,2016,7834533.66098228
STP,2016,5601041.90677498
WSM,2016,15885391.182995
MDV,2016,8196133.6626235
ISR,2016,3299618.94558762
CPV,2016,4702151.17170244
BHS,2016,7318463.91576034
NZL,2016,18718433.1494219
VNM,2016,8994270.28242011
TUR,2016,2519559.5878406
YEM,2016,5304284.46168348
SYR,2016,3227431.479877
SDN,2016,4652241.7950681
NOR,2016,1088776.24327453
PRK,2016,8535960.75035763
TZA,2016,7211891.80678046
LBR,2016,5131537.13762644
MYS,2016,10256037.5638773
CUB,2016,7823081.29996835
KWT,2016,4328048.14844455
DOM,2016,7337187.3227442
GHA,2016,5037692.01800207
LBY,2016,2120354.04408503
CIV,2016,5104826.82280221
BRA,2016,8957315.01005131
BGD,2016,7731868.61490007
AGO,2016,6666629.08005391
DZA,2016,1566666.2330281
MMR,2016,8705822.05336082
VEN,2016,7794058.24514218
UKR,2016,1843195.41480565
UZB,2016,4966240.27317477
THA,2016,9262590.91987867
PER,2016,10441056.649642
SEN,2016,4459743.33441958
ZAF,2016,8842227.21118599
KOR,2016,8730563.59669894
PHL,2016,10522476.5695618
COD,2016,6202005.91445946
IND,2016,6426974.12217447
IRQ,2016,3776373.25455577
ETH,2016,5603418.43301099
IRN,2016,4092810.19370584
ARG,2016,11281912.1087782
AFG,2016,5422951.00160944
TWN,2016,9603595.15469765
USA,2016,6230189.82264779
GBR,2016,319908.04775968
SAU,2016,4634932.39807306
RUS,2016,2261862.40448956
MEX,2016,9258834.26751577
CHN,2016,7984825.96814558
KEN,2016,6543934.78251629
IDN,2016,11415821.6770929
COL,2016,8800233.2752244
EGY,2016,3211971.80610104
JPN,2016,9476221.68774838
CHL,2016,11865957.9505718
SGP,2016,10565956.610142
VAT,2015,1171580.13762103
SMR,2015,980288.952698828
LIE,2015,559637.576129932
FSM,2015,13131612.2300428
MHL,2015,13465640.6997942
TUV,2015,15288546.0938844
PLW,2015,11986487.7359203
MCO,2015,822262.653255492
KIR,2015,14123959.6002227
COM,2015,7885949.31247121
AND,2015,949760.544652496
TTO,2015,7406590.09532282
RWA,2015,6339643.57162757
SWZ,2015,8943261.69373481
SSD,2015,5696146.38605587
QAT,2015,4899080.52570481
MNE,2015,1469203.71655355
CHE,2015,492639.082484463
XKX,2015,1568602.59476564
DMA,2015,7001722.49663321
DJI,2015,5595716.89289519
GMB,2015,4556590.35379038
MKD,2015,1634520.44565129
BRB,2015,7065707.49110141
BDI,2015,6463780.48718905
VCT,2015,7171890.31200742
LCA,2015,7083711.34016577
KNA,2015,6926894.79130755
MUS,2015,9424743.92682941
GRD,2015,7302057.53671528
BHR,2015,4757138.81084646
ATG,2015,6881597.59397154
URY,2015,11191906.8098848
TGO,2015,4963914.62926451
TUN,2015,1627264.1837345
ARE,2015,5158218.87107916
TKM,2015,4427307.01619166
ZMB,2015,7701673.19102321
ZWE,2015,8040798.32799701
TLS,2015,12907658.5786806
VUT,2015,16068688.2330773
HND,2015,8913351.88547528
GUY,2015,7513055.23487352
ISL,2015,2134020.25935711
HTI,2015,7500842.21914513
UGA,2015,6201034.88993771
SUR,2015,7398864.27716641
NER,2015,4143527.56276958
TJK,2015,5112867.04172797
PRY,2015,10386742.5377131
NIC,2015,9012855.84149194
SLE,2015,4967961.86979296
PAK,2015,5755330.58123904
NPL,2015,7059572.74069664
ZAF,2015,9114845.2387923
ZAF,2015,8797889.8750031
PNG,2015,14304696.6563222
SLB,2015,14902450.4130928
PAN,2015,8810654.83964328
MAR,2015,2075746.45888378
MDA,2015,1838029.15159367
MOZ,2015,8948038.95437669
SOM,2015,6631362.44572051
OMN,2015,5504893.97984964
LKA,2015,8397920.78878694
MNG,2015,6814871.80067105
NAM,2015,8226771.64152894
NGA,2015,4641579.21651696
GNB,2015,4686336.63414894
JOR,2015,3330485.75517887
KGZ,2015,5224007.34849487
LSO,2015,9165863.47394746
MDG,2015,8803579.29249413
ECU,2015,9522853.954921
CRI,2015,9048605.72623559
SLV,2015,9085482.97256219
JAM,2015,7859037.45880905
TCD,2015,4403194.32082641
GNQ,2015,5235732.32180448
ERI,2015,5006793.25414638
MWI,2015,7731102.32421225
GTM,2015,9097448.37215555
GAB,2015,5612135.11468035
FJI,2015,16338868.742302
MRT,2015,4054181.72141903
MLI,2015,4379998.1769232
LBN,2015,3146962.71004505
GEO,2015,3231990.6387812
KAZ,2015,4539600.4606253
LAO,2015,9042973.55042227
COG,2015,6193798.82874145
GIN,2015,4868779.99343206
CIV,2015,4960438.73317832
CAN,2015,5690557.45715581
SRB,2015,1376614.87893859
BRN,2015,11009540.4917779
BOL,2015,10277319.3424962
BLZ,2015,8753220.48246454
CAF,2015,5319679.76090142
CMR,2015,5249245.18823124
ALB,2015,1591669.05099106
ARM,2015,3306842.51614599
AZE,2015,3669739.31320715
KHM,2015,9752045.27698672
BOL,2015,10235782.4280281
BEN,2015,4933397.61281998
BLR,2015,1611055.69159271
BTN,2015,7375321.55570505
BWA,2015,8625944.75008527
AUS,2015,16714129.139192
BFA,2015,4298603.87899921
BIH,2015,1311963.81681785
MMR,2015,8451208.92041675
TON,2015,16708354.6168775
SOM,2015,5840433.06908975
SYC,2015,7834533.66098228
STP,2015,5601041.90677498
WSM,2015,15885391.182995
MDV,2015,8196133.6626235
ISR,2015,3299618.94558762
CPV,2015,4702151.17170244
BHS,2015,7318463.91576034
NZL,2015,18718433.1494219
VNM,2015,8994270.28242011
TUR,2015,2519559.5878406
YEM,2015,5304284.46168348
SYR,2015,3227431.479877
SDN,2015,4652241.7950681
NOR,2015,1088776.24327453
PRK,2015,8535960.75035763
TZA,2015,7211891.80678046
LBR,2015,5131537.13762644
MYS,2015,10256037.5638773
CUB,2015,7823081.29996835
KWT,2015,4328048.14844455
DOM,2015,7337187.3227442
GHA,2015,5037692.01800207
LBY,2015,2120354.04408503
CIV,2015,5104826.82280221
BRA,2015,8957315.01005131
BGD,2015,7731868.61490007
AGO,2015,6666629.08005391
DZA,2015,1566666.2330281
MMR,2015,8705822.05336082
VEN,2015,7794058.24514218
UKR,2015,1843195.41480565
UZB,2015,4966240.27317477
THA,2015,9262590.91987867
PER,2015,10441056.649642
SEN,2015,4459743.33441958
ZAF,2015,8842227.21118599
KOR,2015,8730563.59669894
PHL,2015,10522476.5695618
COD,2015,6202005.91445946
IND,2015,6426974.12217447
IRQ,2015,3776373.25455577
ETH,2015,5603418.43301099
IRN,2015,4092810.19370584
ARG,2015,11281912.1087782
AFG,2015,5422951.00160944
TWN,2015,9603595.15469765
USA,2015,6230189.82264779
GBR,2015,319908.04775968
SAU,2015,4634932.39807306
RUS,2015,2261862.40448956
MEX,2015,9258834.26751577
CHN,2015,7984825.96814558
KEN,2015,6543934.78251629
IDN,2015,11415821.6770929
COL,2015,8800233.2752244
EGY,2015,3211971.80610104
JPN,2015,9476221.68774838
CHL,2015,11865957.9505718
SGP,2015,10565956.610142
VAT,2014,1171580.13762103
SMR,2014,980288.952698828
LIE,2014,559637.576129932
FSM,2014,13131612.2300428
MHL,2014,13465640.6997942
TUV,2014,15288546.0938844
PLW,2014,11986487.7359203
MCO,2014,822262.653255492
KIR,2014,14123959.6002227
COM,2014,7885949.31247121
AND,2014,949760.544652496
TTO,2014,7406590.09532282
RWA,2014,6339643.57162757
SWZ,2014,8943261.69373481
SSD,2014,5696146.38605587
QAT,2014,4899080.52570481
MNE,2014,1469203.71655355
CHE,2014,492639.082484463
XKX,2014,1568602.59476564
DMA,2014,7001722.49663321
DJI,2014,5595716.89289519
GMB,2014,4556590.35379038
MKD,2014,1634520.44565129
BRB,2014,7065707.49110141
BDI,2014,6463780.48718905
VCT,2014,7171890.31200742
LCA,2014,7083711.34016577
KNA,2014,6926894.79130755
MUS,2014,9424743.92682941
GRD,2014,7302057.53671528
BHR,2014,4757138.81084646
ATG,2014,6881597.59397154
URY,2014,11191906.8098848
TGO,2014,4963914.62926451
TUN,2014,1627264.1837345
ARE,2014,5158218.87107916
TKM,2014,4427307.01619166
ZMB,2014,7701673.19102321
ZWE,2014,8040798.32799701
TLS,2014,12907658.5786806
VUT,2014,16068688.2330773
HND,2014,8913351.88547528
GUY,2014,7513055.23487352
ISL,2014,2134020.25935711
HTI,2014,7500842.21914513
UGA,2014,6201034.88993771
SUR,2014,7398864.27716641
NER,2014,4143527.56276958
TJK,2014,5112867.04172797
PRY,2014,10386742.5377131
NIC,2014,9012855.84149194
SLE,2014,4967961.86979296
PAK,2014,5755330.58123904
NPL,2014,7059572.74069664
ZAF,2014,9114845.2387923
ZAF,2014,8797889.8750031
PNG,2014,14304696.6563222
SLB,2014,14902450.4130928
PAN,2014,8810654.83964328
MAR,2014,2075746.45888378
MDA,2014,1838029.15159367
MOZ,2014,8948038.95437669
SOM,2014,6631362.44572051
OMN,2014,5504893.97984964
LKA,2014,8397920.78878694
MNG,2014,6814871.80067105
NAM,2014,8226771.64152894
NGA,2014,4641579.21651696
GNB,2014,4686336.63414894
JOR,2014,3330485.75517887
KGZ,2014,5224007.34849487
LSO,2014,9165863.47394746
MDG,2014,8803579.29249413
ECU,2014,9522853.954921
CRI,2014,9048605.72623559
SLV,2014,9085482.97256219
JAM,2014,7859037.45880905
TCD,2014,4403194.32082641
GNQ,2014,5235732.32180448
ERI,2014,5006793.25414638
MWI,2014,7731102.32421225
GTM,2014,9097448.37215555
GAB,2014,5612135.11468035
FJI,2014,16338868.742302
MRT,2014,4054181.72141903
MLI,2014,4379998.1769232
LBN,2014,3146962.71004505
GEO,2014,3231990.6387812
KAZ,2014,4539600.4606253
LAO,2014,9042973.55042227
COG,2014,6193798.82874145
GIN,2014,4868779.99343206
CIV,2014,4960438.73317832
CAN,2014,5690557.45715581
SRB,2014,1376614.87893859
BRN,2014,11009540.4917779
BOL,2014,10277319.3424962
BLZ,2014,8753220.48246454
CAF,2014,5319679.76090142
CMR,2014,5249245.18823124
ALB,2014,1591669.05099106
ARM,2014,3306842.51614599
AZE,2014,3669739.31320715
KHM,2014,9752045.27698672
BOL,2014,10235782.4280281
BEN,2014,4933397.61281998
BLR,2014,1611055.69159271
BTN,2014,7375321.55570505
BWA,2014,8625944.75008527
AUS,2014,16714129.139192
BFA,2014,4298603.87899921
BIH,2014,1311963.81681785
MMR,2014,8451208.92041675
TON,2014,16708354.6168775
SOM,2014,5840433.06908975
SYC,2014,7834533.66098228
STP,2014,5601041.90677498
WSM,2014,15885391.182995
MDV,2014,8196133.6626235
ISR,2014,3299618.94558762
CPV,2014,4702151.17170244
BHS,2014,7318463.91576034
NZL,2014,18718433.1494219
VNM,2014,8994270.28242011
TUR,2014,2519559.5878406
YEM,2014,5304284.46168348
SYR,2014,3227431.479877
SDN,2014,4652241.7950681
NOR,2014,1088776.24327453
PRK,2014,8535960.75035763
TZA,2014,7211891.80678046
LBR,2014,5131537.13762644
MYS,2014,10256037.5638773
CUB,2014,7823081.29996835
KWT,2014,4328048.14844455
DOM,2014,7337187.3227442
GHA,2014,5037692.01800207
LBY,2014,2120354.04408503
CIV,2014,5104826.82280221
BRA,2014,8957315.01005131
BGD,2014,7731868.61490007
AGO,2014,6666629.08005391
DZA,2014,1566666.2330281
MMR,2014,8705822.05336082
VEN,2014,7794058.24514218
UKR,2014,1843195.41480565
UZB,2014,4966240.27317477
THA,2014,9262590.91987867
PER,2014,10441056.649642
SEN,2014,4459743.33441958
ZAF,2014,8842227.21118599
KOR,2014,8730563.59669894
PHL,2014,10522476.5695618
COD,2014,6202005.91445946
IND,2014,6426974.12217447
IRQ,2014,3776373.25455577
ETH,2014,5603418.43301099
IRN,2014,4092810.19370584
ARG,2014,11281912.1087782
AFG,2014,5422951.00160944
TWN,2014,9603595.15469765
USA,2014,6230189.82264779
GBR,2014,319908.04775968
SAU,2014,4634932.39807306
RUS,2014,2261862.40448956
MEX,2014,9258834.26751577
CHN,2014,7984825.96814558
KEN,2014,6543934.78251629
IDN,2014,11415821.6770929
COL,2014,8800233.2752244
EGY,2014,3211971.80610104
JPN,2014,9476221.68774838
CHL,2014,11865957.9505718
SGP,2014,10565956.610142
VAT,2013,1171580.13762103
SMR,2013,980288.952698828
LIE,2013,559637.576129932
FSM,2013,13131612.2300428
MHL,2013,13465640.6997942
TUV,2013,15288546.0938844
PLW,2013,11986487.7359203
MCO,2013,822262.653255492
KIR,2013,14123959.6002227
COM,2013,7885949.31247121
AND,2013,949760.544652496
TTO,2013,7406590.09532282
RWA,2013,6339643.57162757
SWZ,2013,8943261.69373481
SSD,2013,5696146.38605587
QAT,2013,4899080.52570481
MNE,2013,1469203.71655355
CHE,2013,492639.082484463
XKX,2013,1568602.59476564
DMA,2013,7001722.49663321
DJI,2013,5595716.89289519
GMB,2013,4556590.35379038
MKD,2013,1634520.44565129
BRB,2013,7065707.49110141
BDI,2013,6463780.48718905
VCT,2013,7171890.31200742
LCA,2013,7083711.34016577
KNA,2013,6926894.79130755
MUS,2013,9424743.92682941
GRD,2013,7302057.53671528
BHR,2013,4757138.81084646
ATG,2013,6881597.59397154
URY,2013,11191906.8098848
TGO,2013,4963914.62926451
TUN,2013,1627264.1837345
ARE,2013,5158218.87107916
TKM,2013,4427307.01619166
ZMB,2013,7701673.19102321
ZWE,2013,8040798.32799701
TLS,2013,12907658.5786806
VUT,2013,16068688.2330773
HND,2013,8913351.88547528
GUY,2013,7513055.23487352
ISL,2013,2134020.25935711
HTI,2013,7500842.21914513
UGA,2013,6201034.88993771
SUR,2013,7398864.27716641
NER,2013,4143527.56276958
TJK,2013,5112867.04172797
PRY,2013,10386742.5377131
NIC,2013,9012855.84149194
SLE,2013,4967961.86979296
PAK,2013,5755330.58123904
NPL,2013,7059572.74069664
ZAF,2013,9114845.2387923
ZAF,2013,8797889.8750031
PNG,2013,14304696.6563222
SLB,2013,14902450.4130928
PAN,2013,8810654.83964328
MAR,2013,2075746.45888378
MDA,2013,1838029.15159367
MOZ,2013,8948038.95437669
SOM,2013,6631362.44572051
OMN,2013,5504893.97984964
LKA,2013,8397920.78878694
MNG,2013,6814871.80067105
NAM,2013,8226771.64152894
NGA,2013,4641579.21651696
GNB,2013,4686336.63414894
JOR,2013,3330485.75517887
KGZ,2013,5224007.34849487
LSO,2013,9165863.47394746
MDG,2013,8803579.29249413
ECU,2013,9522853.954921
CRI,2013,9048605.72623559
SLV,2013,9085482.97256219
JAM,2013,7859037.45880905
TCD,2013,4403194.32082641
GNQ,2013,5235732.32180448
ERI,2013,5006793.25414638
MWI,2013,7731102.32421225
GTM,2013,9097448.37215555
GAB,2013,5612135.11468035
FJI,2013,16338868.742302
MRT,2013,4054181.72141903
MLI,2013,4379998.1769232
LBN,2013,3146962.71004505
GEO,2013,3231990.6387812
KAZ,2013,4539600.4606253
LAO,2013,9042973.55042227
COG,2013,6193798.82874145
GIN,2013,4868779.99343206
CIV,2013,4960438.73317832
CAN,2013,5690557.45715581
SRB,2013,1376614.87893859
BRN,2013,11009540.4917779
BOL,2013,10277319.3424962
BLZ,2013,8753220.48246454
CAF,2013,5319679.76090142
CMR,2013,5249245.18823124
ALB,2013,1591669.05099106
ARM,2013,3306842.51614599
AZE,2013,3669739.31320715
KHM,2013,9752045.27698672
BOL,2013,10235782.4280281
BEN,2013,4933397.61281998
BLR,2013,1611055.69159271
BTN,2013,7375321.55570505
BWA,2013,8625944.75008527
AUS,2013,16714129.139192
BFA,2013,4298603.87899921
BIH,2013,1311963.81681785
MMR,2013,8451208.92041675
TON,2013,16708354.6168775
SOM,2013,5840433.06908975
SYC,2013,7834533.66098228
STP,2013,5601041.90677498
WSM,2013,15885391.182995
MDV,2013,8196133.6626235
ISR,2013,3299618.94558762
CPV,2013,4702151.17170244
BHS,2013,7318463.91576034
NZL,2013,18718433.1494219
VNM,2013,8994270.28242011
TUR,2013,2519559.5878406
YEM,2013,5304284.46168348
SYR,2013,3227431.479877
SDN,2013,4652241.7950681
NOR,2013,1088776.24327453
PRK,2013,8535960.75035763
TZA,2013,7211891.80678046
LBR,2013,5131537.13762644
MYS,2013,10256037.5638773
CUB,2013,7823081.29996835
KWT,2013,4328048.14844455
DOM,2013,7337187.3227442
GHA,2013,5037692.01800207
LBY,2013,2120354.04408503
CIV,2013,5104826.82280221
BRA,2013,8957315.01005131
BGD,2013,7731868.61490007
AGO,2013,6666629.08005391
DZA,2013,1566666.2330281
MMR,2013,8705822.05336082
VEN,2013,7794058.24514218
UKR,2013,1843195.41480565
UZB,2013,4966240.27317477
THA,2013,9262590.91987867
PER,2013,10441056.649642
SEN,2013,4459743.33441958
ZAF,2013,8842227.21118599
KOR,2013,8730563.59669894
PHL,2013,10522476.5695618
COD,2013,6202005.91445946
IND,2013,6426974.12217447
IRQ,2013,3776373.25455577
ETH,2013,5603418.43301099
IRN,2013,4092810.19370584
ARG,2013,11281912.1087782
AFG,2013,5422951.00160944
TWN,2013,9603595.15469765
USA,2013,6230189.82264779
GBR,2013,319908.04775968
SAU,2013,4634932.39807306
RUS,2013,2261862.40448956
MEX,2013,9258834.26751577
CHN,2013,7984825.96814558
KEN,2013,6543934.78251629
IDN,2013,11415821.6770929
COL,2013,8800233.2752244
EGY,2013,3211971.80610104
JPN,2013,9476221.68774838
CHL,2013,11865957.9505718
SGP,2013,10565956.610142
